{
    "mass_min": 2120.0000000000005,
    "mass_max": 424000.00000000006,
    "comp_min": 86.10897064208984,
    "comp_max": 3444830.75,
    "time_min": 2253.6,
    "time_max": 441439.97,
    "cost_min": 4468,
    "cost_max": 873540
}