Manufacturing Method,Material,Probe,mass,compliance,time,cost
EDM ['z'],ABSplastic,high,424000.00000000006,4.812978267669678,55.0,938.0000000000001
EDM ['z'],ABSplastic,low,4240.000000000001,48150.921875,36883.07936451104,148250.31745804416
