{
    "mass_min": 110.592,
    "mass_max": 774.144,
    "comp_min": 6.257972984258231e-08,
    "comp_max": 3.0638477710454026e-06,
    "time_min": 27666,
    "time_max": 27666,
    "cost_min": 97700,
    "cost_max": 97700
}