{
    "mass_min": 2120.0000000000005,
    "mass_max": 424000.00000000006,
    "comp_min": 86.10889434814453,
    "comp_max": 3444836.25,
    "time_min": 44.0,
    "time_max": 29655.27,
    "cost_min": 72,
    "cost_max": 118518
}