Manufacturing Method,Material,mass low,mass high,comp low,comp high,time low,time high,cost low,cost high
Subtractive x+,Al6061,55.296010546875,1105.92,3.0622597790852524e-08,1.225539108418161e-05,115.0,175.7335662841797,273.3177490234375,455.5184631347656
