{
    "mass_min": 2120.0000000000005,
    "mass_max": 424000.00000000006,
    "comp_min": 2.2036890983581543,
    "comp_max": 88147.5625,
    "time_min": 55.0,
    "time_max": 37069.08,
    "cost_min": 938.0,
    "cost_max": 148995.0
}