{
    "mass_min": 8860.000000000004,
    "mass_max": 1772000.0000000005,
    "comp_min": 0.044635653495788574,
    "comp_max": 1785.42626953125,
    "time_min": 9195.8,
    "time_max": 1825230.0,
    "cost_min": 22266.97,
    "cost_max": 4433413.5
}