Manufacturing Method,Material,Probe,Mass (g),Compliance (Nm),Nominal Time (min),Nominal Cost ($),Supplier,Lead Time (min),Cost ($)
EDM ['y'],ABSPlastic,1.0,424000.00000000006,2.2036890983581543,55.0,938.0000000000001,Supplier-A,55.0,938.0
EDM ['y'],ABSPlastic,0.9,381599.9353027345,2.7206039428710938,3775.0080166172756,15818.032066469103,Supplier-A,3775.02,15819.0
EDM ['y'],ABSPlastic,0.8,339200.03234863287,3.4432637691497803,7495.016033234551,30698.064132938205,Supplier-A,7495.02,30699.0
EDM ['y'],ABSPlastic,0.7,296799.96765136725,4.497323989868164,11215.02404985183,45578.09619940732,Supplier-A,11215.03,45579.0
EDM ['y'],ABSPlastic,0.6,254400.01617431644,6.121356964111328,14935.032066469108,60458.12826587643,Supplier-A,14935.03,60459.0
EDM ['y'],ABSPlastic,0.5,212000.00000000003,8.8147554397583,18655.040083086384,75338.16033234553,Supplier-A,18655.05,75339.0
EDM ['y'],ABSPlastic,0.4,169600.01617431644,13.773056030273438,22375.048099703657,90218.19239881463,Supplier-A,22375.05,90219.0
EDM ['y'],ABSPlastic,0.3,127200.00808715822,24.485429763793945,26095.05611632093,105098.22446528373,Supplier-A,26095.07,105099.0
EDM ['y'],ABSPlastic,0.2,84800.00808715822,55.09222412109375,29815.064132938216,119978.25653175286,Supplier-A,29815.07,119979.0
EDM ['y'],ABSPlastic,0.1,42400.00404357911,220.368896484375,33535.07214955549,134858.28859822196,Supplier-A,33535.08,134859.0
EDM ['y'],ABSPlastic,0.05,21200.002021789554,881.4755859375,35395.076157864125,142298.3046314565,Supplier-A,35395.08,142299.0
EDM ['y'],ABSPlastic,0.01,4240.000000000001,22036.892578125,36883.07936451104,148250.31745804416,Supplier-A,36883.08,148251.0
EDM ['y'],ABSPlastic,0.005,2120.0000000000005,88147.5625,37069.0797653419,148994.3190613676,Supplier-A,37069.08,148995.0
