Mass Constraint (g),Cost Constraint ($),Time Constraint (min),Manufacturing Method,Mass (g),Compliance (Nm),Maximum Displacement (mm),Nominal Time (min),Nominal Cost ($),Material,Supplier,Lead Time (min),Cost ($)
500.0,50000,50000,Additive y+,193.22426617145538,0.11846012622117996,1480.4697036743164,270.23355,537.5103,Al6061,Supplier-A,26937.12,49900
500.0,50000,50000,Additive y+,193.22426617145538,0.11846012622117996,1480.4697036743164,270.23355,537.5103,Al6061,Supplier-B,26937.12,49900
