{
    "mass_min": 2.1708797412109377,
    "mass_max": 434.17600000000004,
    "comp_min": 0.9183427691459656,
    "comp_max": 36733.7109375,
    "time_min": 5500.0,
    "time_max": 29189.02,
    "cost_min": 9086.84,
    "cost_max": 103886.84
}