{
    "mass_min": 5400.000000000001,
    "mass_max": 432000.0411987306,
    "comp_min": 0.47412022948265076,
    "comp_max": 3034.369873046875,
    "time_min": 18592.0,
    "time_max": 463720.0,
    "cost_min": 12252.97,
    "cost_max": 1458506.4
}