Manufacturing Method,Material,Probe,Mass (g),Compliance (Nm),Nominal Time (min),Nominal Cost ($),Supplier,Lead Time (min),Cost ($)
Additive ['y+'],Al6061,0.2,221.1840421875,0.765968382358551,297.81951904296875,597.78564453125,Supplier-A,29781.97,55600
Additive ['y+'],Al6061,0.2,221.1840421875,0.765968382358551,297.81951904296875,597.78564453125,Supplier-B,29781.97,55600
Additive ['y+'],Al6061,0.1,110.59202109375,3.06386399269104,183.90975952148438,348.892822265625,Supplier-A,18390.98,32800
Additive ['y+'],Al6061,0.1,110.59202109375,3.06386399269104,183.90975952148438,348.892822265625,Supplier-B,18390.98,32800
Additive ['y+'],Al6061,0.01,11.059198681640627,306.23974609375,81.39097595214844,124.8892822265625,Supplier-A,8139.1,12300
Additive ['y+'],Al6061,0.01,11.059198681640627,306.23974609375,81.39097595214844,124.8892822265625,Supplier-B,8139.1,12300
