{
    "mass_min": 5.5295993408203135,
    "mass_max": 1105.92,
    "comp_min": 0.03063856065273285,
    "comp_max": 1225.5426025390625,
    "time_min": 7569.55,
    "time_max": 120909.75,
    "cost_min": 11305.37,
    "cost_max": 388409.97
}