{
    "mass_min": 9.072638918457033,
    "mass_max": 1814.5280000000002,
    "comp_min": 0.01824278198182583,
    "comp_max": 729.7113037109375,
    "time_min": 7934.48,
    "time_max": 193896.38,
    "cost_min": 12300.89,
    "cost_max": 463978.56
}