Mass Constraint (g),Cost Constraint ($),Time Constraint (min),Manufacturing Method,Mass (g),Compliance (Nm),Maximum Displacement (mm),Nominal Time (min),Nominal Cost ($),Material,Supplier,Lead Time (min),Cost ($)
10000,20000,21600,EDM z,10127.527236938477,0.001028931699693203,0.009481706708385702,1144.7901409807455,4594.960563922982,Al6061,Supplier-A,1144.8,4595.8
10000,20000,21600,EDM z,10127.527236938477,0.001028931699693203,0.009481706708385702,1144.7901409807455,4594.960563922982,Al6061,Supplier-C,1144.8,6892.7
