{
    "mass_min": 2120.0000000000005,
    "mass_max": 424000.00000000006,
    "comp_min": 2.2036890983581543,
    "comp_max": 88147.5625,
    "time_min": 33.1,
    "time_max": 5902.4,
    "cost_min": 909.0,
    "cost_max": 22431.0
}