{
    "mass_min": 5400.000000000001,
    "mass_max": 1080000.0000000002,
    "comp_min": 0.07585923373699188,
    "comp_max": 3034.369873046875,
    "time_min": 5632.0,
    "time_max": 1155675.0,
    "cost_min": 12252.97,
    "cost_max": 3646041.0
}