{
    "mass_min": 2120.0000000000005,
    "mass_max": 424000.00000000006,
    "comp_min": 2.2036890983581543,
    "comp_max": 88147.5625,
    "time_min": 7293.6,
    "time_max": 479994.97,
    "cost_min": 4472.37,
    "cost_max": 1311620.1
}