Manufacturing Method,Material,Probe,Mass (g),Compliance (Nm),Nominal Time (min),Nominal Cost ($),Supplier,Lead Time (min),Cost ($)
Additive ['y+'],Ti6Al4V,0.1,181.452834609375,1.8258706331253052,256.8963928222656,553.9713134765625,Supplier-B,25689.65,47400
Additive ['y+'],Ti6Al4V,0.05,90.7264173046875,7.3034868240356445,163.4481964111328,326.98565673828125,Supplier-B,16344.83,28700
Additive ['y+'],Ti6Al4V,0.01,18.145277836914065,182.4194793701172,88.68963623046875,145.39712524414062,Supplier-B,8868.97,13800
Additive ['y+'],Ti6Al4V,0.005,9.072638918457033,729.679443359375,79.34481811523438,122.69856262207031,Supplier-B,7934.48,11900
