Mass Constraint (g),Cost Constraint ($),Time Constraint (min),Manufacturing Method,Mass (g),Compliance (Nm),Maximum Displacement (mm),Nominal Time (min),Nominal Cost ($),Material,Supplier,Lead Time (min),Cost ($)
700.0,5000000000,5000000000,Additive y+,700.0864148139954,0.03568919003009796,0.05866464925929904,772.9202,1635.8807,Al6061,Supplier-A,77292.4,150600
700.0,5000000000,5000000000,Additive y+,700.0864148139954,0.03568919003009796,0.05866464925929904,772.9202,1635.8807,Al6061,Supplier-B,81942.4,150600
