{
    "mass_min": 5400.000000000001,
    "mass_max": 10800.000000000002,
    "comp_min": 29640.89453125,
    "comp_max": 118563.34375,
    "time_min": 5632.0,
    "time_max": 11194.0,
    "cost_min": 11224,
    "cost_max": 22348
}