{
    "mass_min": 398.7000000000001,
    "mass_max": 79740.00000000001,
    "comp_min": 0.00020438079081941396,
    "comp_max": 8.17523193359375,
    "time_min": 480.67,
    "time_max": 82202.18,
    "cost_min": 1098.17,
    "cost_max": 199599.72
}