{
    "mass_min": 17720.000000000007,
    "mass_max": 1772000.0000000005,
    "comp_min": 1.743579387664795,
    "comp_max": 17434.72265625,
    "time_min": 7632,
    "time_max": 39304422,
    "cost_min": 383,
    "cost_max": 2601977
}