{
    "mass_min": 43.4176,
    "mass_max": 347.3408,
    "comp_min": 1.4321498156277812e-06,
    "comp_max": 9.181597124552354e-05,
    "time_min": 11968,
    "time_max": 15350,
    "cost_min": 36500,
    "cost_max": 48900
}