{
    "mass_min": 21200.002021789554,
    "mass_max": 424000.00000000006,
    "comp_min": 86.10897064208984,
    "comp_max": 34448.3203125,
    "time_min": 84.8,
    "time_max": 44915.3,
    "cost_min": 239,
    "cost_max": 164621
}