{
    "mass_min": 4240.000000000001,
    "mass_max": 424000.00000000006,
    "comp_min": 86.10889434814453,
    "comp_max": 861206.375,
    "time_min": 2640,
    "time_max": 1770388,
    "cost_min": 72,
    "cost_max": 117922
}