{
    "mass_min": 8860.000000000004,
    "mass_max": 1772000.0000000005,
    "comp_min": 1.7435821294784546,
    "comp_max": 69738.8984375,
    "time_min": 66.0,
    "time_max": 44482.9,
    "cost_min": 117,
    "cost_max": 192591
}