{
    "mass_min": 4.3417594824218755,
    "mass_max": 434.17600000000004,
    "comp_min": 0.9185723066329956,
    "comp_max": 9185.55078125,
    "time_min": 446833,
    "time_max": 3382208,
    "cost_min": 10900,
    "cost_max": 99500
}