Mass Constraint (g),Cost Constraint ($),Time Constraint (min),Manufacturing Method,Mass (g),Compliance (Nm),Maximum Displacement (mm),Nominal Time (min),Nominal Cost ($),Material,Supplier,Lead Time (min),Cost ($)
75000,25000,14880,Subtractive x+,74941.7724609375,0.731511116027832,0.034179250107479485,58214.547,177808.64,Al6061,Supplier-A,5259.15,22465.0
75000,25000,14880,Subtractive x+,74941.7724609375,0.731511116027832,0.034179250107479485,58214.547,177808.64,Al6061,Supplier-C,57406.03,292737.0
