{
    "mass_min": 110.592,
    "mass_max": 884.736,
    "comp_min": 4.776864415134696e-08,
    "comp_max": 3.0638311727670953e-06,
    "time_min": 22102,
    "time_max": 26134,
    "cost_min": 72000,
    "cost_max": 86400
}