{
    "mass_min": 88600.00844955447,
    "mass_max": 1772000.0000000005,
    "comp_min": 1.743577241897583,
    "comp_max": 697.34765625,
    "time_min": 106.0,
    "time_max": 523842.7,
    "cost_min": 294,
    "cost_max": 1920666
}