Mass Constraint (g),Cost Constraint ($),Time Constraint (min),Manufacturing Method,Mass (g),Compliance (Nm),Maximum Displacement (mm),Nominal Time (min),Nominal Cost ($),Material,Supplier,Lead Time (min),Cost ($)
15000,20000,21600,Subtractive x+,15054.85725402832,0.0005625305930152535,0.005288605739268452,2054.149,6233.2466,Al6061,Supplier-A,1850.07,6837.8
15000,20000,21600,Subtractive x+,15054.85725402832,0.0005625305930152535,0.005288605739268452,2054.149,6233.2466,Al6061,Supplier-C,1850.07,10258.7
