{
    "mass_min": 43.4176,
    "mass_max": 347.3408,
    "comp_min": 1.4360344948727288e-06,
    "comp_max": 9.181578934658319e-05,
    "time_min": 17732,
    "time_max": 21110,
    "cost_min": 58100,
    "cost_max": 70700
}