{
    "mass_min": 8860.000000000004,
    "mass_max": 354400.0337982179,
    "comp_min": 1.1157557964324951,
    "comp_max": 1785.3111572265625,
    "time_min": 9195.8,
    "time_max": 369752.0,
    "cost_min": 18352,
    "cost_max": 730164
}