{
    "mass_min": 2120.0000000000005,
    "mass_max": 424000.00000000006,
    "comp_min": 86.10897827148438,
    "comp_max": 3444827.25,
    "time_min": 84.8,
    "time_max": 47038.8,
    "cost_min": 239,
    "cost_max": 172409
}