{
    "mass_min": 2.1708797412109377,
    "mass_max": 434.17600000000004,
    "comp_min": 0.9183427691459656,
    "comp_max": 36733.7109375,
    "time_min": 7223.62,
    "time_max": 94925.13,
    "cost_min": 10500.45,
    "cost_max": 149334.16
}