{
    "mass_min": 18.145277836914065,
    "mass_max": 1814.5280000000002,
    "comp_min": 0.018257146701216698,
    "comp_max": 182.41909790039062,
    "time_min": 532138,
    "time_max": 11912783,
    "cost_min": 13800,
    "cost_max": 383800
}