{
    "mass_min": 4240.000000000001,
    "mass_max": 424000.00000000006,
    "comp_min": 86.1090087890625,
    "comp_max": 861206.5,
    "time_min": 5088,
    "time_max": 2808174,
    "cost_min": 239,
    "cost_max": 171539
}