{
    "mass_min": 110.592,
    "mass_max": 774.144,
    "comp_min": 6.266124330522871e-08,
    "comp_max": 3.0638029784313403e-06,
    "time_min": 18391,
    "time_max": 86737,
    "cost_min": 32800,
    "cost_max": 169500
}