{
    "mass_min": 110.592,
    "mass_max": 884.736,
    "comp_min": 4.785881202451492e-08,
    "comp_max": 3.063852545892587e-06,
    "time_min": 22102,
    "time_max": 26134,
    "cost_min": 72000,
    "cost_max": 86400
}