{
    "mass_min": 11.059198681640627,
    "mass_max": 1105.92,
    "comp_min": 0.030625522136688232,
    "comp_max": 306.2402648925781,
    "time_min": 488346,
    "time_max": 7533585,
    "cost_min": 12300,
    "cost_max": 237900
}