{
    "mass_min": 5400.000000000001,
    "mass_max": 1080000.0000000002,
    "comp_min": 0.07585923373699188,
    "comp_max": 3034.369873046875,
    "time_min": 55.0,
    "time_max": 37069.08,
    "cost_min": 90,
    "cost_max": 148147
}