{
    "mass_min": 4240.000000000001,
    "mass_max": 424000.00000000006,
    "comp_min": 86.10893249511719,
    "comp_max": 861206.25,
    "time_min": 266232,
    "time_max": 26486398,
    "cost_min": 8835,
    "cost_max": 873540
}