Mass Constraint (g),Cost Constraint ($),Time Constraint (min),Manufacturing Method,Mass (g),Compliance (Nm),Maximum Displacement (mm),Nominal Time (min),Nominal Cost ($),Material,Supplier,Lead Time (min),Cost ($)
15000,20000,21600,Additive y+,9119.705200195312,0.0009469368378631771,0.008804019080153236,9289.126,20243.791,Al6061,Supplier-B,9289.13,20244.54
15000,20000,21600,Additive y+,9119.705200195312,0.0009469368378631771,0.008804019080153236,9289.126,20243.791,Al6061,Supplier-C,9289.13,30366.31
