Mass Constraint (g),Cost Constraint ($),Time Constraint (min),Manufacturing Method,Mass (g),Compliance (Nm),Maximum Displacement (mm),Nominal Time (min),Nominal Cost ($),Material,Supplier,Lead Time (min),Cost ($)
10000,20000,21600,Additive y+,8883.257865905762,0.000976681592874229,0.009081321443593129,9162.976,19968.152,Al6061,Supplier-B,9162.98,19968.2
10000,20000,21600,Additive y+,8883.257865905762,0.000976681592874229,0.009081321443593129,9162.976,19968.152,Al6061,Supplier-C,9162.98,29952.3
