{
    "mass_min": 8860.000000000004,
    "mass_max": 1772000.0000000005,
    "comp_min": 0.044635653495788574,
    "comp_max": 1785.42626953125,
    "time_min": 55.0,
    "time_max": 37069.08,
    "cost_min": 177290.0,
    "cost_max": 488020.0
}