{
    "mass_min": 243.00000000000006,
    "mass_max": 48600.00000000001,
    "comp_min": 0.000343923456966877,
    "comp_max": 13.756939888000488,
    "time_min": 106.0,
    "time_max": 2621.9,
    "cost_min": 439.8,
    "cost_max": 14504.7
}