{
    "mass_min": 8860.000000000004,
    "mass_max": 354400.0337982179,
    "comp_min": 43.58430862426758,
    "comp_max": 69738.875,
    "time_min": 9195.8,
    "time_max": 369752.0,
    "cost_min": 18352,
    "cost_max": 730164
}