{
    "mass_min": 5400.000000000001,
    "mass_max": 1080000.0000000002,
    "comp_min": 2.9630188941955566,
    "comp_max": 118563.46875,
    "time_min": 55.0,
    "time_max": 2368.38,
    "cost_min": 90,
    "cost_max": 9344
}