{
    "mass_min": 2120.0000000000005,
    "mass_max": 424000.00000000006,
    "comp_min": 86.10902404785156,
    "comp_max": 3444829.0,
    "time_min": 55.0,
    "time_max": 37069.08,
    "cost_min": 90,
    "cost_max": 148147
}