Manufacturing Method,Material,mass low,mass high,comp low,comp high,time low,time high,cost low,cost high
EDM z,Ti6Al4V,90.7264173046875,1814.5280000000002,1.825670103983157e-08,7.303510301426286e-06,55.0,281.1764874103303,271.4528,1176.1587496413213
