Manufacturing Method,Material,Probe,mass,compliance,time,cost
Additive ['y+'],ABSplastic,high,424000.00000000006,4.813107490539551,436789.96875,874413.375
Additive ['y+'],ABSplastic,low,4240.000000000001,48151.1328125,4437.2001953125,8843.134765625
