{
    "mass_min": 110.592,
    "mass_max": 774.144,
    "comp_min": 6.256569662355105e-08,
    "comp_max": 3.0638389034720603e-06,
    "time_min": 18391,
    "time_max": 86737,
    "cost_min": 32800,
    "cost_max": 169500
}