{
    "mass_min": 8860.000000000004,
    "mass_max": 1772000.0000000005,
    "comp_min": 1.7435832023620605,
    "comp_max": 69738.828125,
    "time_min": 55.0,
    "time_max": 37069.08,
    "cost_min": 90,
    "cost_max": 148147
}