{
    "mass_min": 43.4176,
    "mass_max": 303.9232,
    "comp_min": 1.875700263553881e-06,
    "comp_max": 9.18158984859474e-05,
    "time_min": 11473,
    "time_max": 38305,
    "cost_min": 19000,
    "cost_max": 72700
}