{
    "mass_min": 95.40000000000002,
    "mass_max": 19080.000000000004,
    "comp_min": 0.01026563998311758,
    "comp_max": 410.6255798339844,
    "time_min": 55.0,
    "time_max": 4219.1,
    "cost_min": 128.16,
    "cost_max": 16785.16
}