{
    "mass_min": 9.072638918457033,
    "mass_max": 1814.5280000000002,
    "comp_min": 0.01824278198182583,
    "comp_max": 729.7113037109375,
    "time_min": 10600.0,
    "time_max": 66771.1,
    "cost_min": 47545.28,
    "cost_max": 380617.9
}