{
    "mass_min": 216000.0205993653,
    "mass_max": 1080000.0000000002,
    "comp_min": 2.9630191326141357,
    "comp_max": 74.1134033203125,
    "time_min": 106.0,
    "time_max": 45056.9,
    "cost_min": 294,
    "cost_max": 165114
}