{
    "mass_min": 243.00000000000006,
    "mass_max": 48600.00000000001,
    "comp_min": 0.000343923456966877,
    "comp_max": 13.756939888000488,
    "time_min": 55.0,
    "time_max": 4219.1,
    "cost_min": 235.8,
    "cost_max": 25338.7
}