{
    "mass_min": 181.4528,
    "mass_max": 1451.6224,
    "comp_min": 2.8519018258066353e-08,
    "comp_max": 1.8258666614201502e-06,
    "time_min": 30051,
    "time_max": 77471,
    "cost_min": 107100,
    "cost_max": 295500
}