{
    "mass_min": 4.3417594824218755,
    "mass_max": 434.17600000000004,
    "comp_min": 0.9185711741447449,
    "comp_max": 9185.5654296875,
    "time_min": 508800,
    "time_max": 795840,
    "cost_min": 23900,
    "cost_max": 41900
}