Mass Constraint (g),Cost Constraint ($),Time Constraint (min),Manufacturing Method,Mass (g),Compliance (Nm),Maximum Displacement (mm),Nominal Time (min),Nominal Cost ($),Material,Supplier,Lead Time (min),Cost ($)
40000,100000,44640,Additive y+,32770.92361450195,2.086418628692627,0.13827640637557032,32976.29,72000.24,Al6061,Supplier-B,45936.3,72000.66
40000,100000,44640,Additive y+,32770.92361450195,2.086418628692627,0.13827640637557032,32976.29,72000.24,Al6061,Supplier-C,51666.3,108000.5
