{
    "mass_min": 1772000.0000000005,
    "mass_max": 1772000.0000000005,
    "comp_min": 1.743580937385559,
    "comp_max": 1.743580937385559,
    "time_min": 127.2,
    "time_max": 127.2,
    "cost_min": 383,
    "cost_max": 383
}