{
    "mass_min": 10800.000000000002,
    "mass_max": 1080000.0000000002,
    "comp_min": 2.963019847869873,
    "comp_max": 29640.921875,
    "time_min": 6360,
    "time_max": 3343962,
    "cost_min": 294,
    "cost_max": 204264
}