{
    "mass_min": 95.40000000000002,
    "mass_max": 19080.000000000004,
    "comp_min": 0.01026563998311758,
    "comp_max": 410.6255798339844,
    "time_min": 168.27,
    "time_max": 19722.4,
    "cost_min": 297.2,
    "cost_max": 59166.96
}