{
    "mass_min": 88600.00844955447,
    "mass_max": 1772000.0000000005,
    "comp_min": 0.044635653495788574,
    "comp_max": 17.854263305664062,
    "time_min": 106.0,
    "time_max": 523842.7,
    "cost_min": 294,
    "cost_max": 1920666
}