{
    "mass_min": 9.072638918457033,
    "mass_max": 181.452834609375,
    "comp_min": 1.8258706331253052,
    "comp_max": 729.679443359375,
    "time_min": 7934.48,
    "time_max": 25689.65,
    "cost_min": 11900,
    "cost_max": 47400
}