{
    "mass_min": 181.4528,
    "mass_max": 1451.6224,
    "comp_min": 2.8489729686498322e-08,
    "comp_max": 1.8258747331856284e-06,
    "time_min": 38695,
    "time_max": 86113,
    "cost_min": 141500,
    "cost_max": 329900
}