{
    "mass_min": 181.4528,
    "mass_max": 1270.1696,
    "comp_min": 3.72547361848774e-08,
    "comp_max": 1.8258726868225494e-06,
    "time_min": 33200,
    "time_max": 33200,
    "cost_min": 127000,
    "cost_max": 127000
}