{
    "mass_min": 531600.0337982179,
    "mass_max": 1772000.0000000005,
    "comp_min": 1.7435815334320068,
    "comp_max": 19.36568832397461,
    "time_min": 127.2,
    "time_max": 463220.7,
    "cost_min": 383,
    "cost_max": 1839899
}