{
    "mass_min": 8860.000000000004,
    "mass_max": 17720.000000000007,
    "comp_min": 17434.6953125,
    "comp_max": 69738.765625,
    "time_min": 9195.8,
    "time_max": 18321.6,
    "cost_min": 18352,
    "cost_max": 36604
}