{
    "mass_min": 5.5295993408203135,
    "mass_max": 1105.92,
    "comp_min": 0.03063856065273285,
    "comp_max": 1225.5426025390625,
    "time_min": 10600.0,
    "time_max": 16325.0,
    "cost_min": 29731.78,
    "cost_max": 76697.66
}