{
    "mass_min": 486.0000000000001,
    "mass_max": 48600.00000000001,
    "comp_min": 0.0003469576477073133,
    "comp_max": 3.3508949279785156,
    "time_min": 34235,
    "time_max": 3286680,
    "cost_min": 1102,
    "cost_max": 100216
}