{
    "mass_min": 181.4528,
    "mass_max": 1451.6224,
    "comp_min": 2.8483087888275804e-08,
    "comp_max": 1.8258721183883608e-06,
    "time_min": 32212,
    "time_max": 79633,
    "cost_min": 115700,
    "cost_max": 304100
}