Manufacturing Method,Material,Probe,mass,compliance,time,cost
Additive ['y+'],Ti6Al4V,high,1772000.0000000005,0.09784926474094391,1825230.0,4433413.5
Additive ['y+'],Ti6Al4V,low,17720.000000000007,978.2499389648438,18321.6015625,44433.140625
