Manufacturing Method,Material,Probe,mass,compliance,time,cost
Additive ['y+'],Al6061,high,1080000.0000000002,0.16645868122577667,1112470.0,2430694.0
Additive ['y+'],Al6061,low,10800.000000000002,1666.5250244140625,11194.0,24405.939453125
