{
    "mass_min": 398.7000000000001,
    "mass_max": 79740.00000000001,
    "comp_min": 0.00020438079081941396,
    "comp_max": 8.17523193359375,
    "time_min": 55.0,
    "time_max": 4219.1,
    "cost_min": 8064.0,
    "cost_max": 37081.0
}