{
    "mass_min": 110.592,
    "mass_max": 774.144,
    "comp_min": 6.250184014788829e-08,
    "comp_max": 3.063853000639938e-06,
    "time_min": 22905,
    "time_max": 22905,
    "cost_min": 78700,
    "cost_max": 78700
}