{
    "mass_min": 17720.000000000007,
    "mass_max": 1772000.0000000005,
    "comp_min": 1.7435827255249023,
    "comp_max": 17434.70703125,
    "time_min": 3960,
    "time_max": 2655582,
    "cost_min": 117,
    "cost_max": 191623
}