{
    "mass_min": 2120.0000000000005,
    "mass_max": 424000.00000000006,
    "comp_min": 86.10907745361328,
    "comp_max": 3444834.75,
    "time_min": 106.0,
    "time_max": 58798.5,
    "cost_min": 294,
    "cost_max": 215502
}