Manufacturing Method,Material,Probe,mass,compliance,time,cost
EDM ['z'],Al6061,high,1080000.0000000002,0.16646936535835266,55.0,3330.000000000001
EDM ['z'],Al6061,low,10800.000000000002,1666.5189208984375,36883.07936451104,150642.31745804416
