Manufacturing Method,Material,Probe,mass,compliance,time,cost
EDM ['z'],Ti6Al4V,high,1772000.0000000005,0.09784805029630661,55.0,177290.00000000006
EDM ['z'],Ti6Al4V,low,17720.000000000007,978.2521362304688,36883.07936451104,324602.3174580442
