{
    "mass_min": 11.059198681640627,
    "mass_max": 1105.92,
    "comp_min": 0.030625544488430023,
    "comp_max": 306.2401123046875,
    "time_min": 636000,
    "time_max": 977772,
    "cost_min": 29400,
    "cost_max": 50400
}