{
    "mass_min": 10800.000000000002,
    "mass_max": 1080000.0000000002,
    "comp_min": 2.9630205631256104,
    "comp_max": 29640.91015625,
    "time_min": 671640,
    "time_max": 67027200,
    "cost_min": 22348,
    "cost_max": 2224900
}