{
    "mass_min": 2120.0000000000005,
    "mass_max": 42400.00404357911,
    "comp_min": 8612.072265625,
    "comp_max": 3444825.5,
    "time_min": 2253.6,
    "time_max": 43742.02,
    "cost_min": 4468,
    "cost_max": 87445
}