{
    "mass_min": 43.4176,
    "mass_max": 347.3408,
    "comp_min": 1.4328749102787697e-06,
    "comp_max": 9.181591303786263e-05,
    "time_min": 13409,
    "time_max": 16790,
    "cost_min": 41900,
    "cost_max": 54200
}