{
    "mass_min": 17720.000000000007,
    "mass_max": 1772000.0000000005,
    "comp_min": 1.743577241897583,
    "comp_max": 17434.69140625,
    "time_min": 1099296,
    "time_max": 109792800,
    "cost_min": 36604,
    "cost_max": 3650420
}