{
    "mass_min": 110.592,
    "mass_max": 884.736,
    "comp_min": 4.773275108505004e-08,
    "comp_max": 3.063836174987955e-06,
    "time_min": 14902,
    "time_max": 18930,
    "cost_min": 45200,
    "cost_max": 60000
}