{
    "mass_min": 5400.000000000001,
    "mass_max": 1080000.0000000002,
    "comp_min": 2.963020086288452,
    "comp_max": 118563.65625,
    "time_min": 106.0,
    "time_max": 56013.7,
    "cost_min": 294,
    "cost_max": 205290
}