{
    "mass_min": 110.592,
    "mass_max": 884.736,
    "comp_min": 4.7801066216379695e-08,
    "comp_max": 3.063836174987955e-06,
    "time_min": 16702,
    "time_max": 20731,
    "cost_min": 51900,
    "cost_max": 66600
}