{
    "mass_min": 243.00000000000006,
    "mass_max": 48600.00000000001,
    "comp_min": 0.000343923456966877,
    "comp_max": 13.756939888000488,
    "time_min": 320.3,
    "time_max": 50128.0,
    "cost_min": 647.3,
    "cost_max": 164215.1
}