{
    "mass_min": 5400.000000000001,
    "mass_max": 1080000.0000000002,
    "comp_min": 2.9630143642425537,
    "comp_max": 118563.7421875,
    "time_min": 55.0,
    "time_max": 37069.08,
    "cost_min": 90,
    "cost_max": 148147
}