{
    "mass_min": 5400.000000000001,
    "mass_max": 1080000.0000000002,
    "comp_min": 0.07585923373699188,
    "comp_max": 3034.369873046875,
    "time_min": 106.0,
    "time_max": 56013.7,
    "cost_min": 3534.0,
    "cost_max": 312798.0
}