{
    "mass_min": 18.145277836914065,
    "mass_max": 1814.5280000000002,
    "comp_min": 0.018257057294249535,
    "comp_max": 182.4193572998047,
    "time_min": 763201,
    "time_max": 4787197,
    "cost_min": 38300,
    "cost_max": 305300
}