Mass Constraint (g),Cost Constraint ($),Time Constraint (min),Manufacturing Method,Mass (g),Compliance (Nm),Maximum Displacement (mm),Nominal Time (min),Nominal Cost ($),Material,Supplier,Lead Time (min),Cost ($)
500000,175000,89280,Additive y+,57359.66491699219,10.443812370300293,0.49880842646208234,58500.473,117077.805,ABSPlastic,Supplier-B,101705.47,117077.86
500000,175000,89280,Additive y+,57359.66491699219,10.443812370300293,0.49880842646208234,58500.473,117077.805,ABSPlastic,Supplier-C,77190.47,175617.3
