{
    "mass_min": 5.5295993408203135,
    "mass_max": 1105.92,
    "comp_min": 0.030625469982624054,
    "comp_max": 1224.952392578125,
    "time_min": 5500.0,
    "time_max": 29189.02,
    "cost_min": 9000,
    "cost_max": 103800
}