{
    "mass_min": 2.1708797412109377,
    "mass_max": 434.17600000000004,
    "comp_min": 0.9183427691459656,
    "comp_max": 36733.7109375,
    "time_min": 10600.0,
    "time_max": 16610.2,
    "cost_min": 29486.84,
    "cost_max": 51686.84
}