{
    "mass_min": 5400.000000000001,
    "mass_max": 432000.0411987306,
    "comp_min": 18.520322799682617,
    "comp_max": 118530.0859375,
    "time_min": 5632.0,
    "time_max": 449680.0,
    "cost_min": 11224,
    "cost_max": 890020
}