{
    "mass_min": 110.592,
    "mass_max": 774.144,
    "comp_min": 6.256226470213733e-08,
    "comp_max": 3.0638473162980517e-06,
    "time_min": 16953,
    "time_max": 16953,
    "cost_min": 54900,
    "cost_max": 54900
}