Manufacturing Method,Material,mass low,mass high,comp low,comp high,time low,time high,cost low,cost high
EDM z,ABSplastic,21.708804140625002,434.17600000000004,9.185507110487379e-07,0.0003672652237582952,55.0,281.1764874103303,90.868352,995.5743016413213
