{
    "mass_min": 8860.000000000004,
    "mass_max": 354400.0337982179,
    "comp_min": 43.584197998046875,
    "comp_max": 69738.65625,
    "time_min": 9195.8,
    "time_max": 369752.0,
    "cost_min": 18352,
    "cost_max": 730164
}