Mass Constraint (g),Cost Constraint ($),Time Constraint (min),Manufacturing Method,Mass (g),Compliance (Nm),Maximum Displacement (mm),Nominal Time (min),Nominal Cost ($),Material,Supplier,Lead Time (min),Cost ($)
500000,175000,89280,Additive y+,76022.15576171875,0.7176557183265686,0.07425850592546103,79175.86,172946.3,Al6061,Supplier-B,79175.87,172946.58
500000,175000,89280,Additive y+,76022.15576171875,0.7176557183265686,0.07425850592546103,79175.86,172946.3,Al6061,Supplier-C,79175.87,259419.88
