Mass Constraint (g),Cost Constraint ($),Time Constraint (min),Manufacturing Method,Mass (g),Compliance (Nm),Maximum Displacement (mm),Nominal Time (min),Nominal Cost ($),Material,Supplier,Lead Time (min),Cost ($)
100.0,500000000000000,50000000000000,Additive y+,98.67994487285614,0.30187714099884033,147622.1923828125,184.01337,349.1192,Al6061,Supplier-A,18556.23,33200
100.0,500000000000000,50000000000000,Additive y+,98.67994487285614,0.30187714099884033,147622.1923828125,184.01337,349.1192,Al6061,Supplier-B,18556.23,33200
