{
    "mass_min": 5.5295993408203135,
    "mass_max": 1105.92,
    "comp_min": 0.03063856065273285,
    "comp_max": 1225.5426025390625,
    "time_min": 5500.0,
    "time_max": 29189.02,
    "cost_min": 9331.78,
    "cost_max": 156197.67
}