{
    "mass_min": 11.059198681640627,
    "mass_max": 221.1840421875,
    "comp_min": 0.765968382358551,
    "comp_max": 306.23974609375,
    "time_min": 8139.1,
    "time_max": 29781.97,
    "cost_min": 12300,
    "cost_max": 55600
}